{
  "model_name": "xgboost",
  "needs_scaling": false,
  "cv_summary": {
    "logistic_regression": {
      "f1": {
        "mean": 0.7493237441429661,
        "std": 0.09827119952418342
      },
      "roc_auc": {
        "mean": 0.9151382734912147,
        "std": 0.047537879302433646
      },
      "pr_auc": {
        "mean": 0.8505131812631813,
        "std": 0.053985922557622974
      }
    },
    "linear_svm": {
      "f1": {
        "mean": 0.7576298589611283,
        "std": 0.04137689158892326
      },
      "roc_auc": {
        "mean": 0.9111016042780749,
        "std": 0.03597529910154243
      },
      "pr_auc": {
        "mean": 0.8537884570220655,
        "std": 0.02297847835135609
      }
    },
    "xgboost": {
      "f1": {
        "mean": 0.7769212032639142,
        "std": 0.11636819760549338
      },
      "roc_auc": {
        "mean": 0.9051153552330022,
        "std": 0.06436121678785119
      },
      "pr_auc": {
        "mean": 0.8593062350585272,
        "std": 0.06619913331730787
      }
    }
  },
  "single_split_test_metrics_reference_only": {
    "f1": 0.9090909090909091,
    "roc_auc": 0.9885714285714285,
    "pr_auc": 0.9622222222222222
  }
}